{"cameraMode":{"drawMode":0,"name":"Shaded","section":"Shading Mode"},"sceneLighting":true,"audioPlay":false,"sceneViewState":{"showFog":false,"showMaterialUpdate":false,"showSkybox":false,"showFlares":false,"showImageEffects":false,"showParticleSystems":false},"in2DMode":false,"pivot":{"x":106.77055358886719,"y":42.02277374267578,"z":105.205322265625},"rotation":{"x":-0.0016248418251052499,"y":-0.9907188415527344,"z":0.13539691269397736,"w":-0.011889198794960976},"size":109.31998443603516,"orthographic":false}