{"cameraMode":{"drawMode":0,"name":"Shaded","section":"Shading Mode"},"sceneLighting":true,"audioPlay":false,"sceneViewState":{"showFog":false,"showMaterialUpdate":false,"showSkybox":false,"showFlares":false,"showImageEffects":false,"showParticleSystems":false},"in2DMode":false,"pivot":{"x":8.882423400878907,"y":0.9163440465927124,"z":-0.760439395904541},"rotation":{"x":-0.006908618379384279,"y":0.992576003074646,"z":-0.10040268301963806,"w":-0.06829765439033508},"size":6.2547287940979,"orthographic":false}