{"cameraMode":{"drawMode":0,"name":"Shaded","section":"Shading Mode"},"sceneLighting":false,"audioPlay":false,"sceneViewState":{"showFog":false,"showMaterialUpdate":false,"showSkybox":false,"showFlares":false,"showImageEffects":false,"showParticleSystems":false},"in2DMode":false,"pivot":{"x":-0.0044999998062849049,"y":1.0110000371932984,"z":0.017000000923871995},"rotation":{"x":-0.006908618379384279,"y":0.992576003074646,"z":-0.10040268301963806,"w":-0.06829765439033508},"size":0.05803216993808746,"orthographic":false}