{"cameraMode":{"drawMode":0,"name":"Shaded","section":"Shading Mode"},"sceneLighting":false,"audioPlay":false,"sceneViewState":{"showFog":false,"showMaterialUpdate":false,"showSkybox":false,"showFlares":false,"showImageEffects":false,"showParticleSystems":false},"in2DMode":false,"pivot":{"x":2.8741979598999025,"y":0.9814640283584595,"z":-0.8099997639656067},"rotation":{"x":-0.006908618379384279,"y":0.992576003074646,"z":-0.10040268301963806,"w":-0.06829765439033508},"size":4.385385513305664,"orthographic":false}