{"cameraMode":{"drawMode":0,"name":"Shaded","section":"Shading Mode"},"sceneLighting":false,"audioPlay":false,"sceneViewState":{"showFog":true,"showMaterialUpdate":false,"showSkybox":false,"showFlares":true,"showImageEffects":true,"showParticleSystems":true},"in2DMode":false,"pivot":{"x":1.7132172584533692,"y":3.7089133262634279,"z":0.0},"rotation":{"x":0.25456732511520388,"y":-0.0025979354977607729,"z":0.0006747481529600918,"w":0.967065691947937},"size":11.556909561157227,"orthographic":false}