{"cameraMode":{"drawMode":0,"name":"Shaded","section":"Shading Mode"},"sceneLighting":false,"audioPlay":false,"sceneViewState":{"showFog":true,"showMaterialUpdate":false,"showSkybox":false,"showFlares":true,"showImageEffects":true,"showParticleSystems":true},"in2DMode":false,"pivot":{"x":0.28108716011047366,"y":9.114189147949219,"z":0.26900506019592287},"rotation":{"x":-0.08007519692182541,"y":0.6417354345321655,"z":-0.06763583421707154,"w":-0.7597362995147705},"size":5.769626140594482,"orthographic":false}