{"cameraMode":{"drawMode":0,"name":"Shaded","section":"Shading Mode"},"sceneLighting":false,"audioPlay":false,"sceneViewState":{"showFog":true,"showMaterialUpdate":false,"showSkybox":true,"showFlares":true,"showImageEffects":true,"showParticleSystems":true},"in2DMode":false,"pivot":{"x":13.970000267028809,"y":3.9100000858306886,"z":0.0},"rotation":{"x":-0.14482201635837556,"y":-0.1826431155204773,"z":0.02724420465528965,"w":-0.9720981121063232},"size":2589.301025390625,"orthographic":false}