{"cameraMode":{"drawMode":0,"name":"Shaded","section":"Shading Mode"},"sceneLighting":false,"audioPlay":false,"sceneViewState":{"showFog":true,"showMaterialUpdate":false,"showSkybox":false,"showFlares":true,"showImageEffects":true,"showParticleSystems":true},"in2DMode":false,"pivot":{"x":1593.0396728515625,"y":759.9031982421875,"z":-2.2482147216796877},"rotation":{"x":-0.08175002038478852,"y":-0.03708953037858009,"z":0.0030708082485944034,"w":-0.9959814548492432},"size":66.844970703125,"orthographic":false}