{"cameraMode":{"drawMode":0,"name":"Shaded","section":"Shading Mode"},"sceneLighting":false,"audioPlay":false,"sceneViewState":{"showFog":true,"showMaterialUpdate":false,"showSkybox":false,"showFlares":true,"showImageEffects":true,"showParticleSystems":true},"in2DMode":false,"pivot":{"x":-40.07318115234375,"y":98.5965576171875,"z":8.240203857421875},"rotation":{"x":0.011388357728719712,"y":0.037806153297424319,"z":-0.00045345615944825113,"w":0.9992421269416809},"size":1567.1260986328125,"orthographic":false}