{"cameraMode":{"drawMode":0,"name":"Shaded","section":"Shading Mode"},"sceneLighting":false,"audioPlay":false,"sceneViewState":{"showFog":true,"showMaterialUpdate":false,"showSkybox":false,"showFlares":true,"showImageEffects":true,"showParticleSystems":true},"in2DMode":false,"pivot":{"x":319.9999694824219,"y":539.8815307617188,"z":0.0},"rotation":{"x":0.03539052605628967,"y":-0.0011836192570626736,"z":0.00001948127282958012,"w":0.9993942975997925},"size":969.6431274414063,"orthographic":false}