{"cameraMode":{"drawMode":0,"name":"Shaded","section":"Shading Mode"},"sceneLighting":false,"audioPlay":false,"sceneViewState":{"showFog":true,"showMaterialUpdate":false,"showSkybox":false,"showFlares":true,"showImageEffects":true,"showParticleSystems":true},"in2DMode":false,"pivot":{"x":8.149999618530274,"y":3.9100000858306886,"z":0.0},"rotation":{"x":-0.021512549370527269,"y":0.091669000685215,"z":0.0019578977953642608,"w":0.9955775141716003},"size":3.4641025066375734,"orthographic":false}