{"cameraMode":{"drawMode":0,"name":"Shaded","section":"Shading Mode"},"sceneLighting":false,"audioPlay":false,"sceneViewState":{"showFog":true,"showMaterialUpdate":false,"showSkybox":false,"showFlares":true,"showImageEffects":true,"showParticleSystems":true},"in2DMode":false,"pivot":{"x":0.12253885716199875,"y":0.9665070176124573,"z":-0.03858804702758789},"rotation":{"x":-0.020100902765989305,"y":-0.0011846665292978287,"z":-0.000027059888452640735,"w":0.9998059868812561},"size":2.7727513313293459,"orthographic":false}