{"cameraMode":{"drawMode":0,"name":"Shaded","section":"Shading Mode"},"sceneLighting":false,"audioPlay":false,"sceneViewState":{"showFog":true,"showMaterialUpdate":false,"showSkybox":false,"showFlares":true,"showImageEffects":true,"showParticleSystems":true},"in2DMode":false,"pivot":{"x":0.490609347820282,"y":2.826552391052246,"z":-0.11254501342773438},"rotation":{"x":-0.020100902765989305,"y":-0.0011846665292978287,"z":-0.000027059888452640735,"w":0.9998059868812561},"size":5.213678359985352,"orthographic":false}