{"cameraMode":{"drawMode":0,"name":"Shaded","section":"Shading Mode"},"sceneLighting":false,"audioPlay":false,"sceneViewState":{"showFog":true,"showMaterialUpdate":false,"showSkybox":false,"showFlares":true,"showImageEffects":true,"showParticleSystems":true},"in2DMode":false,"pivot":{"x":0.0013704299926757813,"y":0.0,"z":0.017457962036132814},"rotation":{"x":-0.08726020902395249,"y":-0.10858654975891113,"z":0.009595497511327267,"w":-0.9902271628379822},"size":4.156922340393066,"orthographic":false}