{"cameraMode":{"drawMode":0,"name":"Shaded","section":"Shading Mode"},"sceneLighting":false,"audioPlay":false,"sceneViewState":{"showFog":true,"showMaterialUpdate":false,"showSkybox":false,"showFlares":true,"showImageEffects":true,"showParticleSystems":true},"in2DMode":false,"pivot":{"x":32.1705436706543,"y":18.197093963623048,"z":17.533891677856447},"rotation":{"x":-0.08007519692182541,"y":0.6417354345321655,"z":-0.06763583421707154,"w":-0.7597362995147705},"size":1.4928243160247803,"orthographic":false}