{"cameraMode":{"drawMode":0,"name":"Shaded","section":"Shading Mode"},"sceneLighting":false,"audioPlay":false,"sceneViewState":{"showFog":true,"showMaterialUpdate":false,"showSkybox":false,"showFlares":true,"showImageEffects":true,"showParticleSystems":true},"in2DMode":false,"pivot":{"x":31.973831176757814,"y":52.28540802001953,"z":-20.210769653320314},"rotation":{"x":0.12049202620983124,"y":-0.04285707697272301,"z":0.005205213557928801,"w":0.9917799234390259},"size":109.75422668457031,"orthographic":false}