{"cameraMode":{"drawMode":0,"name":"Shaded","section":"Shading Mode"},"sceneLighting":false,"audioPlay":false,"sceneViewState":{"showFog":true,"showMaterialUpdate":false,"showSkybox":false,"showFlares":true,"showImageEffects":true,"showParticleSystems":true},"in2DMode":false,"pivot":{"x":2038.349609375,"y":382.41998291015627,"z":0.0},"rotation":{"x":0.03384103626012802,"y":-0.05512576922774315,"z":0.0018471581861376763,"w":0.9979252815246582},"size":139.84414672851563,"orthographic":false}