{"cameraMode":{"drawMode":0,"name":"Shaded","section":"Shading Mode"},"sceneLighting":false,"audioPlay":false,"sceneViewState":{"showFog":true,"showMaterialUpdate":false,"showSkybox":false,"showFlares":true,"showImageEffects":true,"showParticleSystems":true},"in2DMode":false,"pivot":{"x":-2.0099551677703859,"y":2.9692201614379885,"z":-0.03119605779647827},"rotation":{"x":-0.06278739124536514,"y":0.07567600160837174,"z":-0.004769589751958847,"w":-0.995150625705719},"size":3.5684452056884767,"orthographic":false}