{"cameraMode":{"drawMode":0,"name":"Shaded","section":"Shading Mode"},"sceneLighting":false,"audioPlay":false,"sceneViewState":{"showFog":true,"showMaterialUpdate":false,"showSkybox":false,"showFlares":true,"showImageEffects":true,"showParticleSystems":true},"in2DMode":false,"pivot":{"x":0.0008006095886230469,"y":0.009234726428985596,"z":2.73590350151062},"rotation":{"x":0.09767992049455643,"y":0.10609747469425202,"z":-0.010476659052073956,"w":0.989502489566803},"size":4.657249927520752,"orthographic":false}