{"cameraMode":{"drawMode":0,"name":"Shaded","section":"Shading Mode"},"sceneLighting":false,"audioPlay":false,"sceneViewState":{"showFog":true,"showMaterialUpdate":false,"showSkybox":false,"showFlares":true,"showImageEffects":true,"showParticleSystems":true},"in2DMode":false,"pivot":{"x":7.361295700073242,"y":2.6077895164489748,"z":0.0},"rotation":{"x":-0.12523095309734345,"y":-0.2912936508655548,"z":0.03852472081780434,"w":-0.9476437568664551},"size":10.031108856201172,"orthographic":false}