{"cameraMode":{"drawMode":0,"name":"Shaded","section":"Shading Mode"},"sceneLighting":false,"audioPlay":false,"sceneViewState":{"showFog":true,"showMaterialUpdate":false,"showSkybox":false,"showFlares":true,"showImageEffects":true,"showParticleSystems":true},"in2DMode":false,"pivot":{"x":0.0001220703125,"y":12.92999267578125,"z":0.0},"rotation":{"x":0.03384103626012802,"y":-0.05512576922774315,"z":0.0018471581861376763,"w":0.9979252815246582},"size":427.16217041015627,"orthographic":false}