{"cameraMode":{"drawMode":0,"name":"Shaded","section":"Shading Mode"},"sceneLighting":false,"audioPlay":false,"sceneViewState":{"showFog":true,"showMaterialUpdate":false,"showSkybox":false,"showFlares":true,"showImageEffects":true,"showParticleSystems":true},"in2DMode":false,"pivot":{"x":11.449999809265137,"y":5.369999885559082,"z":2.7200000286102297},"rotation":{"x":-0.0216132253408432,"y":0.8960990905761719,"z":-0.04384081810712814,"w":-0.4412062168121338},"size":3.4641025066375734,"orthographic":false}