{"cameraMode":{"drawMode":0,"name":"Shaded","section":"Shading Mode"},"sceneLighting":false,"audioPlay":false,"sceneViewState":{"showFog":true,"showMaterialUpdate":false,"showSkybox":false,"showFlares":true,"showImageEffects":true,"showParticleSystems":true},"in2DMode":false,"pivot":{"x":-5.4618682861328129,"y":11.198801040649414,"z":153.3056640625},"rotation":{"x":-0.10164497047662735,"y":-0.17866110801696778,"z":0.0185586865991354,"w":-0.9784761071205139},"size":0.38660454750061037,"orthographic":false}