{"cameraMode":{"drawMode":0,"name":"Shaded","section":"Shading Mode"},"sceneLighting":false,"audioPlay":false,"sceneViewState":{"showFog":true,"showMaterialUpdate":false,"showSkybox":false,"showFlares":true,"showImageEffects":true,"showParticleSystems":true},"in2DMode":false,"pivot":{"x":0.000030517578125,"y":-9.442123413085938,"z":-100.00009155273438},"rotation":{"x":0.188607856631279,"y":-0.03945280984044075,"z":0.007580663077533245,"w":0.9812373518943787},"size":565.7205200195313,"orthographic":false}