{"cameraMode":{"drawMode":0,"name":"Shaded","section":"Shading Mode"},"sceneLighting":true,"audioPlay":false,"sceneViewState":{"showFog":false,"showMaterialUpdate":false,"showSkybox":false,"showFlares":false,"showImageEffects":false,"showParticleSystems":false},"in2DMode":false,"pivot":{"x":-0.20186977088451386,"y":9.978703498840332,"z":149.9663543701172},"rotation":{"x":0.12386293709278107,"y":-0.017268095165491105,"z":0.002155216643586755,"w":0.9921509027481079},"size":0.7608988881111145,"orthographic":false}