{"cameraMode":{"drawMode":0,"name":"Shaded","section":"Shading Mode"},"sceneLighting":false,"audioPlay":false,"sceneViewState":{"showFog":false,"showMaterialUpdate":false,"showSkybox":false,"showFlares":false,"showImageEffects":false,"showParticleSystems":false},"in2DMode":false,"pivot":{"x":2.5999999046325685,"y":4.5,"z":155.332763671875},"rotation":{"x":0.2289474755525589,"y":0.005254665855318308,"z":-0.0012361712288111449,"w":0.9734236001968384},"size":3.464101552963257,"orthographic":false}