{"cameraMode":{"drawMode":0,"name":"Shaded","section":"Shading Mode"},"sceneLighting":true,"audioPlay":false,"sceneViewState":{"showFog":false,"showMaterialUpdate":false,"showSkybox":false,"showFlares":false,"showImageEffects":false,"showParticleSystems":false},"in2DMode":false,"pivot":{"x":-11.639592170715332,"y":17.85763931274414,"z":-3.9678616523742677},"rotation":{"x":0.4321940839290619,"y":0.3196188509464264,"z":-0.167133167386055,"w":0.826509952545166},"size":13.940705299377442,"orthographic":false}